benchmark,prior,metric,n_questions,n_seed_blocks,posterior_mean,lcb_mean,posterior_p90,lcb_p90,posterior_ci95_low,posterior_ci95_high,lcb_ci95_low,lcb_ci95_high,paired_mean_delta,paired_ci95_low,paired_ci95_high,reduction_percent
mmlu_public_relations,dataset,final_regret_pp,110,20,2.9545454545454524,2.999999999999998,4.727272727272726,6.454545454545452,2.090909090909088,4.090909090909087,2.1363636363636336,3.9545454545454533,0.04545454545454582,-1.0920454545454539,1.045454545454546,-1.5384615384615383
mmlu_college_chemistry,default,final_regret_pp,100,20,2.3499999999999983,2.8999999999999977,4.099999999999994,5.099999999999994,1.5499999999999998,3.1499999999999977,1.9,4.049999999999996,0.5499999999999994,0.0,1.4499999999999986,-23.404255319148927
mmlu_global_facts,default,final_regret_pp,100,20,2.7500000000000018,3.150000000000002,4.100000000000005,5.000000000000004,2.1487500000000033,3.350000000000003,2.500000000000002,3.850000000000003,0.40000000000000036,-0.20000000000000018,1.250000000000001,-14.545454545454549
mmlu_formal_logic,default,final_regret_pp,126,20,1.8650793650793713,2.0634920634920695,3.9682539682539764,3.9682539682539764,1.2301587301587351,2.6587301587301653,1.4285714285714328,2.857142857142863,0.1984126984126977,0.0,0.515873015873014,-10.638297872340376
mmlu_virology,default,final_regret_pp,166,20,3.9759036144578297,4.096385542168672,5.421686746987953,5.481927710843375,3.343373493975902,4.548192771084334,3.4337349397590353,4.698795180722888,0.12048192771084318,0.0,0.36144578313252956,-3.0303030303030134
mmlu_computer_security,default,final_regret_pp,100,20,3.6999999999999935,3.7999999999999936,5.099999999999994,5.099999999999994,2.999999999999995,4.399999999999995,3.099999999999995,4.499999999999995,0.10000000000000006,0.0,0.3000000000000002,-2.7027027027027097
mmlu_jurisprudence,default,final_regret_pp,108,20,1.0648148148148153,1.1574074074074077,1.851851851851849,1.851851851851849,0.6944444444444448,1.435185185185185,0.7870370370370378,1.5277777777777768,0.09259259259259245,0.0,0.27777777777777735,-8.695652173913016
mmlu_world_religions,default,final_regret_pp,171,20,1.2280701754385992,1.2865497076023413,1.8128654970760292,2.3391812865497075,0.9649122807017568,1.491959064327479,0.9941520467836279,1.5789473684210549,0.05847953216374213,-0.14619883040935755,0.2631578947368418,-4.761904761904706
mmlu_college_physics,default,final_regret_pp,102,20,1.3725490196078394,1.4215686274509765,3.0392156862745017,3.0392156862745017,0.8823529411764675,1.9117647058823484,0.9313725490196051,1.9607843137254855,0.04901960784313708,0.0,0.14705882352941124,-3.5714285714285685
mmlu_machine_learning,default,final_regret_pp,112,20,1.5625000000000007,1.6071428571428577,2.7678571428571455,2.7678571428571455,1.0714285714285716,2.05357142857143,1.116071428571428,2.098214285714288,0.044642857142856984,0.0,0.13392857142857095,-2.8571428571428457
mmlu_high_school_physics,default,final_regret_pp,151,20,1.0596026490066186,1.0927152317880748,2.6490066225165476,2.6490066225165476,0.6622516556291369,1.4569536423841005,0.6953642384105924,1.5231788079470139,0.03311258278145657,-0.09933774834437137,0.19867549668874107,-3.1249999999999436
mmlu_us_foreign_policy,default,mean_drawdown_pp,100,20,0.9890222222222163,1.0374814814814775,1.4167999999999905,1.2651555555555465,0.752782222222218,1.2146188888888818,0.5545411111111077,1.77079444444444,0.04845925925926144,-0.4131666666666627,0.7475503703703738,-4.899713896253915
mmlu_formal_logic,dataset,mean_regret_pp,126,20,1.4715853419557199,1.57946306094455,2.3816522493771197,2.507871186883542,1.086710431772166,1.9014552597445091,1.179709647919531,2.0047399755512707,0.10787771898883033,-0.03334674747814052,0.2801305021322666,-7.330714428390663
mmlu_college_chemistry,dataset,mean_regret_pp,100,20,2.7715851851851845,2.8369777777777765,3.5553185185185106,3.510518518518511,2.4504485185185163,3.099824074074072,2.5260725925925933,3.1487140740740713,0.06539259259259253,-0.06081518518518539,0.2510314814814826,-2.3593932072566903
mmlu_high_school_government_and_politics,dataset,mean_regret_pp,193,20,0.1747011851175719,0.1824329363055233,0.263669022186029,0.27060532572089896,0.1377223649056448,0.21268736520890918,0.1463752196181253,0.21949714285146088,0.007731751187951377,0.005512452235854248,0.009760192418787294,-4.425700479792398
mmlu_medical_genetics,dataset,mean_regret_pp,100,20,0.879318518518517,0.880755555555554,1.1653037037037024,1.1783703703703687,0.8030477777777764,0.9612599999999984,0.804025555555554,0.9633792592592576,0.0014370370370370034,-0.0009337037037038505,0.004029629629629561,-0.16342622232705234
mmlu_high_school_us_history,dataset,mean_regret_pp,204,20,0.5749142067865607,0.5753627522178049,1.064825494467931,1.0538112122118182,0.41197678599398896,0.7344839769604246,0.40850750067637603,0.7388610327936512,0.00044854543124430574,-0.01849377732211266,0.033791579449499475,-0.07801954203763455
mmlu_us_foreign_policy,default,mean_regret_pp,100,20,1.506148148148139,1.8522370370370278,2.2690370370370276,2.279496296296286,1.2458240740740654,1.764329259259249,1.3272222222222132,2.6850055555555468,0.34608888888888895,-0.005867407407407081,0.9928451851851854,-22.9784094821228
mmlu_jurisprudence,default,mean_regret_pp,108,20,1.4645125234974357,1.5774653254077131,2.2117563379566123,2.4108875679520403,1.1621313443072714,1.7604614388050608,1.2416501549560552,1.9166276101204094,0.1129528019102777,0.017552583447645386,0.2630610806279525,-7.712655241795564
mmlu_college_computer_science,default,mean_regret_pp,100,20,3.5949925925925923,3.689022222222222,6.246844444444446,6.191999999999998,2.878767037037037,4.426473703703702,2.991755925925925,4.485096296296293,0.0940296296296301,-0.12653407407407347,0.4191574074074081,-2.615572277488855
mmlu_human_sexuality,default,mean_regret_pp,131,20,1.1551774372122847,1.2254552203855864,2.207999620155092,2.218915844928314,0.8072724113893054,1.494758086272277,0.8878753936034987,1.555472734257479,0.07027778317330166,-0.017214042607376235,0.213630605140423,-6.0837219382416725
mmlu_college_biology,default,mean_regret_pp,144,20,0.8620541838134418,0.9293195587562859,1.5618427069044356,1.6287437128486508,0.6721175554412424,1.060736203989482,0.7216644161522622,1.1402608096136253,0.06726537494284412,-0.010466856710105261,0.2147712334247829,-7.802917288247987
mmlu_human_aging,default,mean_regret_pp,223,20,0.9266304853788997,0.9647750064609427,1.6929863564221754,2.3291916260204366,0.6780587264454809,1.2341039173058692,0.6546560133702435,1.3365138308893438,0.03814452108204287,-0.05296924143673501,0.17395379251841395,-4.116475950653157
mmlu_global_facts,default,mean_regret_pp,100,20,5.093096296296298,5.125881481481485,9.379674074074083,9.438933333333345,3.828960000000005,6.452194074074076,3.881936666666666,6.458930370370372,0.032785185185186784,-0.03575666666666448,0.11441777777778042,-0.6437181486049696
mmlu_business_ethics,default,mean_regret_pp,100,20,1.2997629629629641,1.3106518518518526,2.163111111111114,2.1824592592592613,1.0186618518518524,1.5836381481481492,1.0321777777777787,1.5899577777777787,0.010888888888888972,-0.02191222222222251,0.05958518518518536,-0.8377595914924355
mmlu_high_school_us_history,default,mean_regret_pp,204,20,1.2885642274338873,1.297894684380646,1.998789639312501,1.9774089737565186,1.0810003631082024,1.4902666531391002,1.09612613382317,1.4959551703760603,0.009330456946758433,-0.02161401597676086,0.04814752516838227,-0.7240971577598319
alpaca_eval,default,mean_regret_pp,805,20,0.3736243748484222,0.38004582675346893,0.48699617307373544,0.4888070950646821,0.17439111469338142,0.6657534879220881,0.17607695233664947,0.6807582048851695,0.00642145190504671,-0.006909959509370589,0.02174185799380954,-1.718691910197744
mmlu_virology,default,mean_regret_pp,166,20,5.3165379053026,5.317758315726087,7.02134911802497,7.236033827411377,4.7709793659242035,5.902623546394406,4.766223999075282,5.896601734918251,0.0012204104234887492,-0.09932467487083523,0.09441225410342974,-0.02295498396182026
mmlu_high_school_geography,default,mean_regret_pp,198,20,0.39738575428811274,0.3974556640100987,0.6363069528052692,0.6416994486579224,0.31141824152486486,0.5005475631738271,0.3051002921092725,0.5052681699146356,6.990972198602508e-05,-0.030666560857357663,0.043317717013002605,-0.017592407687383824
