benchmark,prior,metric,n_runs,n_seed_blocks,posterior_mean,lcb_mean,posterior_p90,lcb_p90,posterior_ci95_low,posterior_ci95_high,lcb_ci95_low,lcb_ci95_high,paired_mean_delta,paired_ci95_low,paired_ci95_high,reduction_percent
gsm8k,default,total_downward_pp,100,20,73.611,11.580999999999992,214.76,27.890000000000015,45.85955,104.92647499999998,8.727974999999992,14.597049999999994,-62.02999999999999,-93.18102499999999,-34.581925,84.26729700724078
gsm8k,default,maximum_drawdown_pp,100,20,16.235999999999997,5.654999999999999,39.34,14.88000000000001,12.02485,20.986124999999994,4.112974999999999,7.2540749999999985,-10.581,-15.222150000000001,-6.407850000000002,65.16999260901699
gsm8k,default,switches,100,20,31.110000000000003,10.399999999999999,58.10000000000001,17.0,24.55,37.8705,8.719999999999999,12.190000000000001,-20.71,-27.620250000000006,-14.140000000000002,66.57023465123756
gsm8k,default,largest_drop_pp,100,20,13.944999999999999,5.364,27.799999999999997,14.800000000000002,10.764975,17.441225,3.8999999999999995,6.9079999999999995,-8.581,-11.961100000000004,-5.394975,61.53460021513087
gsm8k,default,mean_drawdown_pp,100,20,0.5517180327868849,0.2053333333333331,1.3288306010928947,0.5703315118397083,0.3679952641165754,0.7559159927140252,0.14773551912568295,0.27363080145719454,-0.3463846994535519,-0.525672131147541,-0.18806069216757748,62.782921505005746
gsm8k,default,mean_regret_pp,100,20,1.423605464480873,1.1427162112932592,2.385413479052823,1.9832021857923503,1.1147381693989065,1.7317180874316933,0.9031205737704907,1.3884048724954454,-0.2808892531876142,-0.4453666211293269,-0.12723209471766878,19.730835557732423
gsm8k,default,final_regret_pp,100,20,0.0,0.0,0.0,0.0,0.0,0.0,0.0,0.0,0.0,0.0,0.0,
gsm8k,default,downward_jumps,100,20,13.580000000000002,4.15,25.10000000000001,7.1000000000000085,10.870000000000001,16.400000000000002,3.4400000000000004,4.9,-9.43,-12.40025,-6.630000000000001,69.44035346097202
gsm8k,default,jumps_ge_2pp,100,20,7.24,1.6300000000000003,17.0,4.0,5.0600000000000005,9.620000000000001,1.25,2.04,-5.610000000000001,-8.02,-3.4000000000000004,77.48618784530386
gsm8k,default,any_jump_ge_2pp,100,20,0.93,0.6300000000000001,1.0,1.0,0.88,0.98,0.53,0.73,-0.30000000000000004,-0.39,-0.21000000000000002,32.258064516129025
gsm8k,dataset,total_downward_pp,100,20,7.629999999999993,4.357999999999996,19.739999999999984,13.010000000000002,5.576974999999994,10.210999999999993,2.9019999999999975,6.084024999999998,-3.2719999999999962,-4.416074999999995,-2.2569749999999975,42.88335517693315
gsm8k,dataset,maximum_drawdown_pp,100,20,3.880999999999998,2.613999999999998,11.990000000000006,10.640000000000006,2.7019999999999986,5.238999999999999,1.6609999999999983,3.744074999999998,-1.267,-1.8639999999999999,-0.6850000000000006,32.64622519969082
gsm8k,dataset,switches,100,20,8.379999999999997,4.94,15.0,11.100000000000009,7.53,9.22,4.07,5.84,-3.44,-3.9799999999999995,-2.88,41.050119331742216
gsm8k,dataset,largest_drop_pp,100,20,3.8469999999999986,2.613999999999998,11.990000000000006,10.640000000000006,2.6889749999999983,5.181074999999998,1.6609999999999983,3.744074999999998,-1.2329999999999999,-1.8120249999999998,-0.6739750000000001,32.050948791265945
gsm8k,dataset,mean_drawdown_pp,100,20,0.06441748633879772,0.04910673952641159,0.1692531876138432,0.11742076502732289,0.04417169398907099,0.08638109289617478,0.0294144444444444,0.07051967213114745,-0.01531074681238614,-0.02031475409836063,-0.010810892531876127,23.767997918858082
gsm8k,dataset,mean_regret_pp,100,20,0.6353730418943525,0.6384830601092887,1.3436648451730409,1.3674316939890703,0.5354414207650265,0.7348078233151175,0.5371872950819664,0.7404289162112921,0.0031100182149362138,-0.006535218579235062,0.012220200364298696,-0.48947909493668673
gsm8k,dataset,final_regret_pp,100,20,0.0040000000000000036,0.0040000000000000036,0.0,0.0,0.0,0.01200000000000001,0.0,0.01200000000000001,0.0,0.0,0.0,0.0
gsm8k,dataset,downward_jumps,100,20,3.3600000000000003,1.7400000000000002,7.0,4.0,2.99,3.72,1.37,2.12,-1.6199999999999997,-1.93,-1.3,48.21428571428571
gsm8k,dataset,jumps_ge_2pp,100,20,0.8499999999999999,0.39,3.0,1.0,0.63,1.09,0.21000000000000002,0.6000000000000001,-0.4600000000000001,-0.6599999999999999,-0.26,54.11764705882352
gsm8k,dataset,any_jump_ge_2pp,100,20,0.48,0.21999999999999997,1.0,1.0,0.38,0.5800000000000001,0.13,0.31000000000000005,-0.26,-0.34,-0.19,54.16666666666667
piqa,default,total_downward_pp,100,20,31.528000000000027,11.102000000000007,54.550000000000054,23.820000000000025,27.78285000000002,35.28602500000003,8.539975000000005,14.086000000000011,-20.426000000000016,-23.471050000000023,-17.57397500000001,64.78685612788632
piqa,default,maximum_drawdown_pp,100,20,7.209000000000001,4.6700000000000035,12.0,10.20000000000001,6.397000000000004,8.037000000000003,3.8460000000000027,5.570000000000002,-2.5390000000000006,-3.083000000000001,-2.0340000000000003,35.21986405881533
piqa,default,switches,100,20,28.52,13.2,40.300000000000026,24.10000000000001,25.520000000000003,31.830250000000003,11.170000000000002,15.470000000000002,-15.320000000000004,-17.85,-13.030000000000001,53.71669004207574
piqa,default,largest_drop_pp,100,20,6.596000000000004,4.454000000000002,10.850000000000012,9.510000000000009,5.887000000000004,7.327000000000002,3.7330000000000028,5.261025000000004,-2.1420000000000017,-2.675050000000002,-1.6480000000000006,32.47422680412372
piqa,default,mean_drawdown_pp,100,20,0.39632276159654833,0.28993656957928826,0.8662610571736789,0.9349644012944993,0.3348768716289107,0.45990884573894314,0.21646781014023747,0.36789851132686113,-0.10638619201726007,-0.1411063214670983,-0.07097029126213597,26.84332123360603
piqa,default,mean_regret_pp,100,20,0.8320591154261063,0.7944144552319314,1.625221143473574,1.7071823085221167,0.6414891747572821,1.0347610140237324,0.5932992071197416,1.006582713052859,-0.037644660194174756,-0.0808023516720605,0.00951759439050705,4.524277121211113
piqa,default,final_regret_pp,100,20,0.02400000000000002,0.02400000000000002,0.0,0.0,0.0,0.07200000000000006,0.0,0.07200000000000006,0.0,0.0,0.0,0.0
piqa,default,downward_jumps,100,20,10.7,3.8999999999999995,15.100000000000009,8.0,9.23,12.31,2.98,4.949999999999999,-6.8,-7.8100000000000005,-5.83,63.55140186915888
piqa,default,jumps_ge_2pp,100,20,7.429999999999998,2.4099999999999997,13.0,5.0,6.44,8.41,1.85,3.1,-5.0200000000000005,-6.05,-4.089750000000003,67.56393001345894
piqa,default,any_jump_ge_2pp,100,20,1.0,0.8400000000000002,1.0,1.0,1.0,1.0000000000000002,0.74,0.93,-0.15999999999999998,-0.26,-0.06999999999999999,15.99999999999998
piqa,dataset,total_downward_pp,100,20,13.769000000000014,4.036000000000004,27.530000000000026,10.240000000000013,12.162950000000007,15.387025000000012,3.419000000000003,4.694000000000004,-9.733000000000008,-11.16102500000001,-8.210975000000007,70.68777689011549
piqa,dataset,maximum_drawdown_pp,100,20,4.8800000000000034,2.1770000000000023,9.840000000000012,3.9000000000000035,4.181975000000003,5.615050000000003,1.7700000000000016,2.728025000000001,-2.7030000000000016,-3.373025000000002,-2.1170000000000018,55.38934426229507
piqa,dataset,switches,100,20,17.080000000000002,8.45,30.0,16.0,15.530000000000001,18.62,7.440000000000001,9.52,-8.63,-9.73,-7.499750000000003,50.52693208430914
piqa,dataset,largest_drop_pp,100,20,4.5820000000000025,2.0540000000000016,9.11,3.9000000000000035,3.9189750000000023,5.278000000000003,1.7030000000000014,2.4950250000000014,-2.528000000000001,-3.2230500000000006,-1.9299750000000013,55.17241379310344
piqa,dataset,mean_drawdown_pp,100,20,0.2293014023732472,0.1289924487594392,0.6799654800431503,0.44679180151024894,0.17894453074433664,0.28223171521035617,0.07824778856526436,0.1888496871628912,-0.10030895361380805,-0.14164582524271854,-0.060799266450916975,43.745460156641045
piqa,dataset,mean_regret_pp,100,20,0.9230084142394827,0.9282962243797203,2.069997842502699,2.198403451995691,0.7624079665587925,1.090510906148868,0.7590557443365705,1.103364989212514,0.005287810140237295,-0.022850916936353757,0.03298532901833853,-0.5728886171199772
piqa,dataset,final_regret_pp,100,20,0.08500000000000008,0.04300000000000004,0.0,0.0,0.0,0.19100000000000017,0.0,0.1070000000000001,-0.04200000000000004,-0.1260000000000001,0.0,49.411764705882355
piqa,dataset,downward_jumps,100,20,6.17,2.29,12.100000000000009,6.0,5.46,6.92,1.8900000000000001,2.7100000000000004,-3.88,-4.3500000000000005,-3.3899999999999997,62.884927066450565
piqa,dataset,jumps_ge_2pp,100,20,3.0,1.0,6.1000000000000085,3.0,2.48,3.51,0.83,1.1800000000000002,-2.0,-2.49,-1.5,66.66666666666667
piqa,dataset,any_jump_ge_2pp,100,20,0.85,0.5399999999999999,1.0,1.0,0.78,0.92,0.45,0.6300000000000001,-0.31000000000000005,-0.41000000000000003,-0.21000000000000002,36.47058823529413
mmlu_computer_security,default,total_downward_pp,20,20,47.949999999999996,18.199999999999996,95.00000000000001,42.9,33.9,62.95125,12.000000000000004,25.10124999999999,-29.749999999999993,-38.65125,-21.35,62.04379562043796
mmlu_computer_security,default,maximum_drawdown_pp,20,20,9.150000000000002,5.249999999999999,15.000000000000002,9.20000000000001,7.45,10.850000000000001,4.049999999999996,6.5,-3.900000000000003,-5.250000000000002,-2.6000000000000014,42.622950819672155
mmlu_computer_security,default,switches,20,20,33.2,14.75,52.80000000000001,24.400000000000006,25.950000000000003,41.05,11.25,18.4,-18.45,-23.45,-14.3,55.57228915662651
mmlu_computer_security,default,largest_drop_pp,20,20,8.150000000000002,4.55,13.200000000000003,8.2,6.5500000000000025,9.800000000000002,3.4999999999999982,5.700000000000003,-3.6000000000000028,-4.8999999999999995,-2.400000000000004,44.17177914110431
mmlu_computer_security,default,mean_drawdown_pp,20,20,1.4661185185185155,1.1179703703703687,2.355644444444447,2.0196740740740764,1.104733333333333,1.8469777777777743,0.8369314814814803,1.4144459259259248,-0.34814814814814665,-0.6002903703703678,-0.1315507407407402,23.746248597960808
mmlu_computer_security,default,mean_regret_pp,20,20,3.9916740740740506,3.982059259259235,4.893629629629582,4.824088888888917,3.5644585185184963,4.414742222222197,3.560152962962939,4.388762592592565,-0.00961481481481441,-0.09237148148147924,0.07391333333333086,0.2408717404375251
mmlu_computer_security,default,final_regret_pp,20,20,3.6999999999999935,3.7999999999999936,5.099999999999994,5.099999999999994,2.999999999999995,4.399999999999995,3.099999999999995,4.499999999999995,0.10000000000000006,0.0,0.3000000000000002,-2.7027027027027097
mmlu_computer_security,default,downward_jumps,20,20,14.25,6.1,22.500000000000007,10.200000000000003,11.25,17.450000000000003,4.65,7.6000000000000005,-8.15,-10.149999999999999,-6.4,57.19298245614035
mmlu_computer_security,default,jumps_ge_2pp,20,20,10.6,4.15,17.80000000000001,7.300000000000004,7.7,13.8,2.9,5.5,-6.45,-8.45,-4.65,60.849056603773576
mmlu_computer_security,default,any_jump_ge_2pp,20,20,1.0,0.95,1.0,1.0,1.0,1.0000000000000002,0.85,1.0,-0.05,-0.15,0.0,5.000000000000004
mmlu_computer_security,dataset,total_downward_pp,20,20,86.99999999999997,23.44999999999998,147.9000000000001,62.99999999999994,61.99999999999998,115.90124999999993,14.349999999999984,34.29999999999997,-63.54999999999999,-83.09999999999997,-46.39999999999999,73.04597701149427
mmlu_computer_security,dataset,maximum_drawdown_pp,20,20,11.95,5.299999999999996,18.299999999999997,8.999999999999996,9.75,14.349999999999998,4.099999999999996,6.549999999999997,-6.650000000000001,-8.500000000000004,-4.950000000000003,55.64853556485359
mmlu_computer_security,dataset,switches,20,20,53.2,16.25,86.60000000000004,24.600000000000023,42.10000000000001,65.80125,12.05,20.950000000000003,-36.95,-45.5,-29.3,69.45488721804512
mmlu_computer_security,dataset,largest_drop_pp,20,20,10.1,5.049999999999996,16.200000000000006,8.999999999999996,7.900000000000002,12.550000000000002,3.799999999999998,6.299999999999998,-5.050000000000004,-6.900000000000004,-3.350000000000005,50.000000000000036
mmlu_computer_security,dataset,mean_drawdown_pp,20,20,1.7041333333333308,0.7815111111111104,3.0066962962962913,1.2352000000000016,1.256294814814813,2.2040074074074063,0.4290959259259256,1.2809259259259247,-0.9226222222222207,-1.3260900000000004,-0.5590570370370355,54.140260282189686
mmlu_computer_security,dataset,mean_regret_pp,20,20,3.447140740740717,3.1838518518518293,4.612592592592572,4.384799999999999,2.9851085185184965,3.9153059259259035,2.740191481481464,3.6423374074073793,-0.2632888888888879,-0.5644329629629617,-0.07589333333333304,7.637892058689556
mmlu_computer_security,dataset,final_regret_pp,20,20,2.4999999999999973,2.3499999999999974,4.099999999999994,3.9999999999999925,1.6999999999999993,3.349999999999995,1.6499999999999995,2.9999999999999973,-0.1500000000000001,-0.4500000000000003,0.0,6.000000000000003
mmlu_computer_security,dataset,downward_jumps,20,20,23.75,7.1,37.60000000000002,11.70000000000001,18.450000000000003,29.900000000000002,5.098750000000001,9.4,-16.65,-20.700000000000003,-13.05,70.10526315789473
mmlu_computer_security,dataset,jumps_ge_2pp,20,20,18.0,5.3,30.50000000000002,11.300000000000004,13.45,23.200000000000003,3.55,7.35,-12.7,-16.0,-9.75,70.55555555555556
mmlu_computer_security,dataset,any_jump_ge_2pp,20,20,1.0,0.9,1.0,1.0,1.0,1.0000000000000002,0.75,1.0,-0.1,-0.25,0.0,9.999999999999998
mmlu_anatomy,default,total_downward_pp,20,20,83.55555555555563,27.33333333333336,122.00000000000007,52.14814814814819,69.37037037037042,98.18518518518526,20.51851851851854,34.77870370370373,-56.222222222222264,-67.96296296296299,-46.333333333333364,67.2872340425532
mmlu_anatomy,default,maximum_drawdown_pp,20,20,14.444444444444448,7.296296296296299,20.07407407407408,14.518518518518524,12.258333333333336,16.704629629629622,5.222222222222227,9.703703703703708,-7.148148148148148,-9.814814814814817,-4.777777777777778,49.48717948717948
mmlu_anatomy,default,switches,20,20,61.45,28.95,80.4,42.50000000000001,53.0,70.15,23.6,34.300000000000004,-32.5,-37.95,-27.900000000000002,52.888527257933276
mmlu_anatomy,default,largest_drop_pp,20,20,13.555555555555557,7.000000000000003,20.07407407407408,14.444444444444448,11.40740740740741,15.814814814814818,4.92592592592593,9.370370370370374,-6.5555555555555545,-9.148148148148145,-4.2592592592592595,48.3606557377049
mmlu_anatomy,default,mean_drawdown_pp,20,20,1.186404511507393,0.8906081390032012,1.8004735050551255,1.27413910481126,0.8974857491236092,1.5490740232688116,0.6116692577351021,1.2645731849819646,-0.2957963725041915,-0.4271717725956409,-0.17375328964080722,24.93216855087359
mmlu_anatomy,default,mean_regret_pp,20,20,3.3783467967281426,3.266278514454099,5.060476553370929,4.977574556724038,2.8244377889549375,3.944816592999048,2.7115055631763325,3.8390144286948393,-0.11206828227404379,-0.19935665294925098,-0.030631407813849213,3.3172521655437888
mmlu_anatomy,default,final_regret_pp,20,20,1.8148148148148178,1.7407407407407434,2.9629629629629672,2.9629629629629672,1.3333333333333353,2.2962962962962994,1.296296296296298,2.1851851851851882,-0.07407407407407418,-0.18518518518518545,0.0,4.081632653061236
mmlu_anatomy,default,downward_jumps,20,20,26.0,11.65,36.0,18.200000000000003,22.65,29.550000000000004,9.4,13.95,-14.35,-16.35,-12.600000000000001,55.19230769230769
mmlu_anatomy,default,jumps_ge_2pp,20,20,12.75,4.25,19.0,8.100000000000001,10.600000000000001,14.8,3.1500000000000004,5.401249999999983,-8.5,-10.15,-6.950000000000001,66.66666666666667
mmlu_anatomy,default,any_jump_ge_2pp,20,20,1.0,0.95,1.0,1.0,1.0,1.0000000000000002,0.85,1.0,-0.05,-0.15,0.0,5.000000000000004
mmlu_anatomy,dataset,total_downward_pp,20,20,84.96296296296302,19.037037037037052,144.37037037037047,44.22222222222226,66.8518518518519,106.00092592592597,13.407407407407423,25.407407407407426,-65.92592592592595,-83.2592592592593,-51.887962962963,77.59372275501308
mmlu_anatomy,dataset,maximum_drawdown_pp,20,20,14.740740740740742,5.03703703703704,21.62962962962963,8.962962962962965,12.740740740740742,16.851851851851855,3.2592592592592617,7.259259259259262,-9.703703703703702,-11.556481481481482,-7.851851851851851,65.8291457286432
mmlu_anatomy,dataset,switches,20,20,74.45,27.25,99.2,40.1,67.35,82.0,23.5,31.150000000000002,-47.2,-52.65,-41.6,63.398253861652115
mmlu_anatomy,dataset,largest_drop_pp,20,20,13.740740740740742,4.66666666666667,21.62962962962963,8.962962962962965,11.703703703703704,16.037037037037038,2.8888888888888915,6.962962962962965,-9.074074074074073,-11.074074074074074,-7.111111111111111,66.03773584905659
mmlu_anatomy,dataset,mean_drawdown_pp,20,20,0.7587136107300724,0.544904740131078,1.1366559975613477,0.8626245999085514,0.5665428034344365,0.9828675506782509,0.4081390032007321,0.6860989686531526,-0.21380887059899445,-0.4335746583346036,-0.024424020728548237,28.180444844433023
mmlu_anatomy,dataset,mean_regret_pp,20,20,2.9369222171417078,2.724903724025825,4.384160951074539,3.5240725499161694,2.510122948737495,3.41367311893513,2.3474338769496463,3.1621672001219534,-0.21201849311588328,-0.47445948280240774,-0.0025926942031221293,7.219070763209554
mmlu_anatomy,dataset,final_regret_pp,20,20,1.9259259259259287,1.8888888888888922,2.2962962962963007,2.9629629629629672,1.5185185185185206,2.407407407407411,1.5185185185185208,2.2222222222222254,-0.03703703703703707,-0.40740740740740794,0.25925925925925963,1.9230769230768943
mmlu_anatomy,dataset,downward_jumps,20,20,29.3,10.15,39.300000000000004,13.500000000000007,25.5,33.2,8.3,12.100000000000001,-19.15,-21.85,-16.6,65.35836177474401
mmlu_anatomy,dataset,jumps_ge_2pp,20,20,11.0,2.3,20.1,5.200000000000003,8.15,14.25,1.35,3.3499999999999996,-8.7,-11.400000000000002,-6.450000000000001,79.09090909090908
mmlu_anatomy,dataset,any_jump_ge_2pp,20,20,1.0,0.7,1.0,1.0,1.0,1.0000000000000002,0.5,0.9,-0.3,-0.5,-0.1,30.000000000000004
mmlu_business_ethics,default,total_downward_pp,20,20,28.95000000000001,12.550000000000008,45.60000000000004,24.100000000000023,24.198750000000018,34.15000000000002,9.850000000000009,15.450000000000014,-16.40000000000001,-21.50000000000001,-11.90000000000001,56.64939550949912
mmlu_business_ethics,default,maximum_drawdown_pp,20,20,6.95,3.250000000000001,17.100000000000005,4.0000000000000036,4.398750000000002,9.9,2.2500000000000018,4.900000000000002,-3.6999999999999984,-6.549999999999999,-1.3,53.237410071942435
mmlu_business_ethics,default,switches,20,20,44.9,22.75,58.70000000000001,33.1,39.75,50.300000000000004,19.450000000000003,26.049999999999997,-22.15,-25.950000000000003,-18.65,49.331848552338535
mmlu_business_ethics,default,largest_drop_pp,20,20,6.4,2.9500000000000006,15.200000000000003,4.0000000000000036,4.000000000000003,9.15,2.0000000000000018,4.400000000000002,-3.4499999999999993,-6.249999999999997,-1.15,53.90625
mmlu_business_ethics,default,mean_drawdown_pp,20,20,0.8228148148148152,0.753955555555556,1.7218074074074103,1.6532740740740763,0.5577514814814816,1.13293925925926,0.49956518518518567,1.0550522222222227,-0.06885925925925923,-0.17482074074074067,0.02207629629629644,8.368743248109457
mmlu_business_ethics,default,mean_regret_pp,20,20,1.2997629629629586,1.3106518518518475,2.1631111111110948,2.1824592592592422,1.0186618518518473,1.583638148148142,1.0321777777777772,1.5899577777777698,0.01088888888888893,-0.021912222222222173,0.05958518518518484,-0.8377595914924733
mmlu_business_ethics,default,final_regret_pp,20,20,0.5500000000000004,0.5500000000000004,1.1000000000000023,1.1000000000000023,0.2500000000000002,0.8500000000000008,0.2500000000000002,0.8500000000000008,0.0,0.0,0.0,0.0
mmlu_business_ethics,default,downward_jumps,20,20,16.8,8.5,21.0,14.0,14.55,19.05,7.050000000000001,9.95,-8.3,-10.25,-6.45,49.40476190476191
mmlu_business_ethics,default,jumps_ge_2pp,20,20,6.05,2.65,10.0,5.200000000000003,4.85,7.25,1.7000000000000002,3.7,-3.4,-4.4,-2.4000000000000004,56.19834710743802
mmlu_business_ethics,default,any_jump_ge_2pp,20,20,1.0,0.85,1.0,1.0,1.0,1.0000000000000002,0.7,1.0,-0.15,-0.30000000000000004,0.0,15.000000000000002
mmlu_business_ethics,dataset,total_downward_pp,20,20,35.000000000000014,12.25000000000001,46.40000000000005,22.200000000000024,30.950000000000024,39.15125000000002,9.648750000000009,15.050000000000015,-22.75000000000001,-27.100000000000016,-19.050000000000015,64.99999999999999
mmlu_business_ethics,dataset,maximum_drawdown_pp,20,20,5.550000000000001,2.4000000000000012,13.100000000000001,4.0000000000000036,3.800000000000003,7.700000000000001,2.0500000000000016,2.7500000000000027,-3.15,-5.449999999999999,-1.250000000000001,56.75675675675674
mmlu_business_ethics,dataset,switches,20,20,58.6,22.75,72.70000000000002,34.0,53.5,64.05000000000001,19.35,26.05,-35.85,-39.599999999999994,-32.45,61.177474402730375
mmlu_business_ethics,dataset,largest_drop_pp,20,20,5.15,2.2000000000000015,13.100000000000001,4.0000000000000036,3.4000000000000026,7.3500000000000005,1.8000000000000016,2.650000000000002,-2.95,-5.2,-1.1000000000000005,57.28155339805823
mmlu_business_ethics,dataset,mean_drawdown_pp,20,20,0.500844444444445,0.43899259259259293,0.8719703703703713,0.8104592592592605,0.37109592592592644,0.6238692592592597,0.3053170370370374,0.5760159259259265,-0.06185185185185205,-0.12206111111111141,-0.013362222222222211,12.349513414381663
mmlu_business_ethics,dataset,mean_regret_pp,20,20,0.6491407407407405,0.6284444444444437,1.0754074074074147,1.0787851851851922,0.4666714814814818,0.836490740740739,0.44473592592592565,0.8203559259259242,-0.020696296296296553,-0.048059629629629334,0.0031855555555549806,3.1882602642810607
mmlu_business_ethics,dataset,final_regret_pp,20,20,0.40000000000000036,0.40000000000000036,1.0000000000000009,1.0000000000000009,0.15000000000000013,0.6500000000000006,0.15000000000000013,0.6500000000000006,0.0,0.0,0.0,0.0
mmlu_business_ethics,dataset,downward_jumps,20,20,21.05,8.3,27.200000000000003,12.100000000000001,19.200000000000003,23.049999999999997,6.95,9.65,-12.75,-14.35,-11.25,60.57007125890736
mmlu_business_ethics,dataset,jumps_ge_2pp,20,20,8.7,3.15,14.100000000000001,9.0,7.000000000000001,10.4,2.0,4.45,-5.55,-6.6000000000000005,-4.450000000000001,63.79310344827586
mmlu_business_ethics,dataset,any_jump_ge_2pp,20,20,1.0,0.8,1.0,1.0,1.0,1.0000000000000002,0.6000000000000001,0.9500000000000001,-0.2,-0.4,-0.05,19.999999999999996
